Period,Org Code,Parent Org,Org name,A&E attendances Type 1
MSitAE-APRIL-2024,AAH,NHS ENGLAND SOUTH WEST ,TETBURY HOSPITAL TRUST LTD,0
MSitAE-APRIL-2024,RAN,NHS ENGLAND LONDON,ROYAL NATIONAL ORTHOPAEDIC HOSPITAL NHS TRUST,0
MSitAE-APRIL-2024,8J094,NHS ENGLAND MIDLANDS ,BADGER LTD,0
MSitAE-APRIL-2024,AD913,NHS ENGLAND LONDON,BECKENHAM BEACON UCC,0
MSitAE-APRIL-2024,AQN04,NHS ENGLAND SOUTH EAST ,PHL LYMINGTON UTC,0
MSitAE-APRIL-2024,L83087,NHS ENGLAND SOUTH WEST ,OKEHAMPTON MEDICAL CENTRE,0
MSitAE-APRIL-2024,NQTE4,NHS ENGLAND MIDLANDS ,SUMMERFIELD URGENT CARE CENTRE,0
MSitAE-APRIL-2024,RA9,NHS ENGLAND SOUTH WEST ,TORBAY AND SOUTH DEVON NHS FOUNDATION TRUST,6247
MSitAE-APRIL-2024,RDY,NHS ENGLAND SOUTH WEST ,DORSET HEALTHCARE UNIVERSITY NHS FOUNDATION TRUST,0
MSitAE-APRIL-2024,RJ8,NHS ENGLAND SOUTH WEST ,CORNWALL PARTNERSHIP NHS FOUNDATION TRUST,0
MSitAE-APRIL-2024,RWY,NHS ENGLAND NORTH EAST AND YORKSHIRE ,CALDERDALE AND HUDDERSFIELD NHS FOUNDATION TRUST,15028
MSitAE-APRIL-2024,RXQ,NHS ENGLAND SOUTH EAST ,BUCKINGHAMSHIRE HEALTHCARE NHS TRUST,9767
MSitAE-APRIL-2024,RY7,NHS ENGLAND NORTH WEST ,WIRRAL COMMUNITY HEALTH AND CARE NHS FOUNDATION TRUST,0
MSitAE-APRIL-2024,RY8,NHS ENGLAND MIDLANDS ,DERBYSHIRE COMMUNITY HEALTH SERVICES NHS FOUNDATION TRUST,0
MSitAE-APRIL-2024,Y00751,NHS ENGLAND SOUTH EAST ,EAST BERKS PRIMARY CARE OOH(WAM),0
MSitAE-APRIL-2024,Y02532,NHS ENGLAND NORTH WEST ,MIRIAM MINOR EMERGENCY,0
MSitAE-APRIL-2024,Y02615,NHS ENGLAND MIDLANDS ,SOUTH BIRMINGHAM GP WALK IN CENTRE,0
MSitAE-APRIL-2024,Y03007,NHS ENGLAND MIDLANDS ,ERDINGTON GP HEALTH & WELLBEING WIC,0
MSitAE-APRIL-2024,Y03218,NHS ENGLAND LONDON,THE PINN UNREGISTERED WIC,0
MSitAE-APRIL-2024,DT301,NHS ENGLAND EAST OF ENGLAND ,HERTS URGENT CARE (ASCOTS LANE),0
MSitAE-APRIL-2024,NQT5F,NHS ENGLAND NORTH WEST ,SKELMERSDALE WALK IN CENTRE,0
MSitAE-APRIL-2024,NQT5H,NHS ENGLAND SOUTH WEST ,PAULTON MEMORIAL HOSPITAL,0
MSitAE-APRIL-2024,NTPAD,NHS ENGLAND SOUTH EAST ,PRACTICE PLUS GROUP SURGICAL CENTRE - ST MARYS PORTSMOUTH,0
MSitAE-APRIL-2024,NTV0B,NHS ENGLAND SOUTH EAST ,ASHFORD WALK-IN-CENTRE,0
MSitAE-APRIL-2024,NTV0W,NHS ENGLAND SOUTH EAST ,WOKING WALK IN CENTRE,0
MSitAE-APRIL-2024,RBQ,NHS ENGLAND NORTH WEST ,LIVERPOOL HEART AND CHEST HOSPITAL NHS FOUNDATION TRUST,0
MSitAE-APRIL-2024,RFF,NHS ENGLAND NORTH EAST AND YORKSHIRE ,BARNSLEY HOSPITAL NHS FOUNDATION TRUST,8335
MSitAE-APRIL-2024,RPC,NHS ENGLAND SOUTH EAST ,QUEEN VICTORIA HOSPITAL NHS FOUNDATION TRUST,0
MSitAE-APRIL-2024,RRV,NHS ENGLAND LONDON,UNIVERSITY COLLEGE LONDON HOSPITALS NHS FOUNDATION TRUST,12195
MSitAE-APRIL-2024,Y02147,NHS ENGLAND LONDON,URGENT CARE CENTRE (QMS),0
MSitAE-APRIL-2024,AXG,NHS ENGLAND SOUTH WEST ,WILTSHIRE HEALTH & CARE,0
MSitAE-APRIL-2024,C82038,NHS ENGLAND MIDLANDS ,LATHAM HOUSE MEDICAL PRACTICE,0
MSitAE-APRIL-2024,G0Q0L,NHS ENGLAND LONDON,BARKING HOSPITAL UTC,0
MSitAE-APRIL-2024,K6K0R,NHS ENGLAND LONDON,HAROLD WOOD POLYCLINIC UTC,0
MSitAE-APRIL-2024,NTP11,NHS ENGLAND SOUTH EAST ,PRACTICE PLUS GROUP HOSPITAL - SOUTHAMPTON,0
MSitAE-APRIL-2024,REM,NHS ENGLAND NORTH WEST ,LIVERPOOL UNIVERSITY HOSPITALS NHS FOUNDATION TRUST,14949
MSitAE-APRIL-2024,RQX,NHS ENGLAND LONDON,HOMERTON HEALTHCARE NHS FOUNDATION TRUST,10569
MSitAE-APRIL-2024,Y02676,NHS ENGLAND SOUTH EAST ,BRIGHTON STATION HEALTH CENTRE,0
MSitAE-APRIL-2024,Y07709,NHS ENGLAND SOUTH EAST ,READING URGENT CARE CENTRE,0
MSitAE-APRIL-2024,NQT51,NHS ENGLAND SOUTH EAST ,STATION PLAZA HEALTH CENTRE,0
MSitAE-APRIL-2024,RJN,NHS ENGLAND NORTH WEST ,EAST CHESHIRE NHS TRUST,4227
MSitAE-APRIL-2024,RNS,NHS ENGLAND MIDLANDS ,NORTHAMPTON GENERAL HOSPITAL NHS TRUST,11308
MSitAE-APRIL-2024,RW4,NHS ENGLAND NORTH WEST ,MERSEY CARE NHS FOUNDATION TRUST,0
MSitAE-APRIL-2024,NNJ,NHS ENGLAND MIDLANDS ,DHU HEALTH CARE C.I.C,0
MSitAE-APRIL-2024,R0B,NHS ENGLAND NORTH EAST AND YORKSHIRE ,SOUTH TYNESIDE AND SUNDERLAND NHS FOUNDATION TRUST,11076
MSitAE-APRIL-2024,RFR,NHS ENGLAND NORTH EAST AND YORKSHIRE ,THE ROTHERHAM NHS FOUNDATION TRUST,8172
MSitAE-APRIL-2024,RW1,NHS ENGLAND SOUTH EAST ,SOUTHERN HEALTH NHS FOUNDATION TRUST,0
MSitAE-APRIL-2024,RWG,NHS ENGLAND EAST OF ENGLAND ,WEST HERTFORDSHIRE TEACHING HOSPITALS NHS TRUST,8081
MSitAE-APRIL-2024,RYY,NHS ENGLAND SOUTH EAST ,KENT COMMUNITY HEALTH NHS FOUNDATION TRUST,0
MSitAE-APRIL-2024,Y02428,NHS ENGLAND EAST OF ENGLAND ,PUTNOE WALK IN CENTRE,0
MSitAE-APRIL-2024,ACH01,NHS ENGLAND SOUTH EAST ,WHITSTABLE MEDICAL PRACTICE,0
MSitAE-APRIL-2024,NDJ,NHS ENGLAND SOUTH EAST ,FIRST COMMUNITY HEALTH AND CARE CIC,0
MSitAE-APRIL-2024,NNJ07,NHS ENGLAND MIDLANDS ,LOUGHBOROUGH URGENT CARE CENTRE,0
MSitAE-APRIL-2024,NNJ0H,NHS ENGLAND MIDLANDS ,LLR EA - THE MERLYN VAZ HEALTH & SOCIAL CARE CENTRE,0
MSitAE-APRIL-2024,NNJ12,NHS ENGLAND MIDLANDS ,MARKET HARBOROUGH,0
MSitAE-APRIL-2024,NNJ13,NHS ENGLAND MIDLANDS ,MELTON MOWBRAY,0
MSitAE-APRIL-2024,NNJ15,NHS ENGLAND MIDLANDS ,OAKHAM,0
MSitAE-APRIL-2024,NR3,NHS ENGLAND MIDLANDS ,NOTTINGHAM CITYCARE PARTNERSHIP,0
MSitAE-APRIL-2024,R1D,NHS ENGLAND MIDLANDS ,SHROPSHIRE COMMUNITY HEALTH NHS TRUST,0
MSitAE-APRIL-2024,RBV,NHS ENGLAND NORTH WEST ,THE CHRISTIE NHS FOUNDATION TRUST,0
MSitAE-APRIL-2024,REF,NHS ENGLAND SOUTH WEST ,ROYAL CORNWALL HOSPITALS NHS TRUST,6105
MSitAE-APRIL-2024,RGP,NHS ENGLAND EAST OF ENGLAND ,JAMES PAGET UNIVERSITY HOSPITALS NHS FOUNDATION TRUST,6950
MSitAE-APRIL-2024,RJZ,NHS ENGLAND LONDON,KING'S COLLEGE HOSPITAL NHS FOUNDATION TRUST,15174
MSitAE-APRIL-2024,RNA,NHS ENGLAND MIDLANDS ,THE DUDLEY GROUP NHS FOUNDATION TRUST,9265
MSitAE-APRIL-2024,RNQ,NHS ENGLAND MIDLANDS ,KETTERING GENERAL HOSPITAL NHS FOUNDATION TRUST,9087
MSitAE-APRIL-2024,RP6,NHS ENGLAND LONDON,MOORFIELDS EYE HOSPITAL NHS FOUNDATION TRUST,0
MSitAE-APRIL-2024,RTP,NHS ENGLAND SOUTH EAST ,SURREY AND SUSSEX HEALTHCARE NHS TRUST,10191
MSitAE-APRIL-2024,RV9,NHS ENGLAND NORTH EAST AND YORKSHIRE ,HUMBER TEACHING NHS FOUNDATION TRUST,0
MSitAE-APRIL-2024,RWP,NHS ENGLAND MIDLANDS ,WORCESTERSHIRE ACUTE HOSPITALS NHS TRUST,12732
MSitAE-APRIL-2024,RX1,NHS ENGLAND MIDLANDS ,NOTTINGHAM UNIVERSITY HOSPITALS NHS TRUST,14649
MSitAE-APRIL-2024,RXC,NHS ENGLAND SOUTH EAST ,EAST SUSSEX HEALTHCARE NHS TRUST,9911
MSitAE-APRIL-2024,RXG,NHS ENGLAND NORTH EAST AND YORKSHIRE ,SOUTH WEST YORKSHIRE PARTNERSHIP NHS FOUNDATION TRUST,0
MSitAE-APRIL-2024,RXL,NHS ENGLAND NORTH WEST ,BLACKPOOL TEACHING HOSPITALS NHS FOUNDATION TRUST,8434
MSitAE-APRIL-2024,RY2,NHS ENGLAND NORTH WEST ,BRIDGEWATER COMMUNITY HEALTHCARE NHS FOUNDATION TRUST,0
MSitAE-APRIL-2024,RYF,NHS ENGLAND SOUTH WEST ,SOUTH WESTERN AMBULANCE SERVICE NHS FOUNDATION TRUST,0
MSitAE-APRIL-2024,RYX,NHS ENGLAND LONDON,CENTRAL LONDON COMMUNITY HEALTHCARE NHS TRUST,0
MSitAE-APRIL-2024,NV693,NHS ENGLAND NORTH WEST ,ROSSENDALE MIU & OOH,0
MSitAE-APRIL-2024,R0D,NHS ENGLAND SOUTH WEST ,UNIVERSITY HOSPITALS DORSET NHS FOUNDATION TRUST,12739
MSitAE-APRIL-2024,RA7,NHS ENGLAND SOUTH WEST ,UNIVERSITY HOSPITALS BRISTOL AND WESTON NHS FOUNDATION TRUST,15115
MSitAE-APRIL-2024,RAE,NHS ENGLAND NORTH EAST AND YORKSHIRE ,BRADFORD TEACHING HOSPITALS NHS FOUNDATION TRUST,9299
MSitAE-APRIL-2024,RBS,NHS ENGLAND NORTH WEST ,ALDER HEY CHILDREN'S NHS FOUNDATION TRUST,5628
MSitAE-APRIL-2024,RCU,NHS ENGLAND NORTH EAST AND YORKSHIRE ,SHEFFIELD CHILDREN'S NHS FOUNDATION TRUST,4319
MSitAE-APRIL-2024,RDU,NHS ENGLAND SOUTH EAST ,FRIMLEY HEALTH NHS FOUNDATION TRUST,21666
MSitAE-APRIL-2024,REP,NHS ENGLAND NORTH WEST ,LIVERPOOL WOMEN'S NHS FOUNDATION TRUST,0
MSitAE-APRIL-2024,RJE,NHS ENGLAND MIDLANDS ,UNIVERSITY HOSPITALS OF NORTH MIDLANDS NHS TRUST,13330
MSitAE-APRIL-2024,RL4,NHS ENGLAND MIDLANDS ,THE ROYAL WOLVERHAMPTON NHS TRUST,13101
MSitAE-APRIL-2024,RLQ,NHS ENGLAND MIDLANDS ,WYE VALLEY NHS TRUST,6127
MSitAE-APRIL-2024,RRK,NHS ENGLAND MIDLANDS ,UNIVERSITY HOSPITALS BIRMINGHAM NHS FOUNDATION TRUST,32656
MSitAE-APRIL-2024,RTG,NHS ENGLAND MIDLANDS ,UNIVERSITY HOSPITALS OF DERBY AND BURTON NHS FOUNDATION TRUST,20711
MSitAE-APRIL-2024,RVJ,NHS ENGLAND SOUTH WEST ,NORTH BRISTOL NHS TRUST,8952
MSitAE-APRIL-2024,RVW,NHS ENGLAND NORTH EAST AND YORKSHIRE ,NORTH TEES AND HARTLEPOOL NHS FOUNDATION TRUST,4459
MSitAE-APRIL-2024,RXN,NHS ENGLAND NORTH WEST ,LANCASHIRE TEACHING HOSPITALS NHS FOUNDATION TRUST,11493
MSitAE-APRIL-2024,RXR,NHS ENGLAND NORTH WEST ,EAST LANCASHIRE HOSPITALS NHS TRUST,12318
MSitAE-APRIL-2024,RY4,NHS ENGLAND EAST OF ENGLAND ,HERTFORDSHIRE COMMUNITY NHS TRUST,0
MSitAE-APRIL-2024,AJN,NHS ENGLAND NORTH EAST AND YORKSHIRE ,WORKINGTON HEALTH LIMITED,0
MSitAE-APRIL-2024,NL7,NHS ENGLAND MIDLANDS ,ASSURA VERTIS URGENT CARE CENTRES (BIRMINGHAM),0
MSitAE-APRIL-2024,R1H,NHS ENGLAND LONDON,BARTS HEALTH NHS TRUST,23379
MSitAE-APRIL-2024,RA2,NHS ENGLAND SOUTH EAST ,ROYAL SURREY COUNTY HOSPITAL NHS FOUNDATION TRUST,6572
MSitAE-APRIL-2024,RAJ,NHS ENGLAND EAST OF ENGLAND ,MID AND SOUTH ESSEX NHS FOUNDATION TRUST,28759
MSitAE-APRIL-2024,RAL,NHS ENGLAND LONDON,ROYAL FREE LONDON NHS FOUNDATION TRUST,18315
MSitAE-APRIL-2024,RAX,NHS ENGLAND LONDON,KINGSTON HOSPITAL NHS FOUNDATION TRUST,6887
MSitAE-APRIL-2024,RBD,NHS ENGLAND SOUTH WEST ,DORSET COUNTY HOSPITAL NHS FOUNDATION TRUST,4182
MSitAE-APRIL-2024,RBK,NHS ENGLAND MIDLANDS ,WALSALL HEALTHCARE NHS TRUST,8277
MSitAE-APRIL-2024,RCB,NHS ENGLAND NORTH EAST AND YORKSHIRE ,YORK AND SCARBOROUGH TEACHING HOSPITALS NHS FOUNDATION TRUST,11129
MSitAE-APRIL-2024,RCF,NHS ENGLAND NORTH EAST AND YORKSHIRE ,AIREDALE NHS FOUNDATION TRUST,5567
MSitAE-APRIL-2024,RD8,NHS ENGLAND EAST OF ENGLAND ,MILTON KEYNES UNIVERSITY HOSPITAL NHS FOUNDATION TRUST,7780
MSitAE-APRIL-2024,RGN,NHS ENGLAND EAST OF ENGLAND ,NORTH WEST ANGLIA NHS FOUNDATION TRUST,12628
MSitAE-APRIL-2024,RGT,NHS ENGLAND EAST OF ENGLAND ,CAMBRIDGE UNIVERSITY HOSPITALS NHS FOUNDATION TRUST,9929
MSitAE-APRIL-2024,RJR,NHS ENGLAND NORTH WEST ,COUNTESS OF CHESTER HOSPITAL NHS FOUNDATION TRUST,5133
MSitAE-APRIL-2024,RK5,NHS ENGLAND MIDLANDS ,SHERWOOD FOREST HOSPITALS NHS FOUNDATION TRUST,10776
MSitAE-APRIL-2024,RN5,NHS ENGLAND SOUTH EAST ,HAMPSHIRE HOSPITALS NHS FOUNDATION TRUST,12107
MSitAE-APRIL-2024,RNN,NHS ENGLAND NORTH EAST AND YORKSHIRE ,NORTH CUMBRIA INTEGRATED CARE NHS FOUNDATION TRUST,8482
MSitAE-APRIL-2024,RNU,NHS ENGLAND SOUTH EAST ,OXFORD HEALTH NHS FOUNDATION TRUST,0
MSitAE-APRIL-2024,RR7,NHS ENGLAND NORTH EAST AND YORKSHIRE ,GATESHEAD HEALTH NHS FOUNDATION TRUST,5637
MSitAE-APRIL-2024,RTK,NHS ENGLAND SOUTH EAST ,ASHFORD AND ST PETER'S HOSPITALS NHS FOUNDATION TRUST,9838
MSitAE-APRIL-2024,RTQ,NHS ENGLAND SOUTH WEST ,GLOUCESTERSHIRE HEALTH AND CARE NHS FOUNDATION TRUST,0
MSitAE-APRIL-2024,RWA,NHS ENGLAND NORTH EAST AND YORKSHIRE ,HULL UNIVERSITY TEACHING HOSPITALS NHS TRUST,8942
MSitAE-APRIL-2024,RWE,NHS ENGLAND MIDLANDS ,UNIVERSITY HOSPITALS OF LEICESTER NHS TRUST,21378
MSitAE-APRIL-2024,RWF,NHS ENGLAND SOUTH EAST ,MAIDSTONE AND TUNBRIDGE WELLS NHS TRUST,17938
MSitAE-APRIL-2024,RXK,NHS ENGLAND MIDLANDS ,SANDWELL AND WEST BIRMINGHAM HOSPITALS NHS TRUST,14441
MSitAE-APRIL-2024,RXW,NHS ENGLAND MIDLANDS ,THE SHREWSBURY AND TELFORD HOSPITAL NHS TRUST,10713
MSitAE-APRIL-2024,RY5,NHS ENGLAND MIDLANDS ,LINCOLNSHIRE COMMUNITY HEALTH SERVICES NHS TRUST,0
MSitAE-APRIL-2024,RYR,NHS ENGLAND SOUTH EAST ,UNIVERSITY HOSPITALS SUSSEX NHS FOUNDATION TRUST,21306
MSitAE-APRIL-2024,C82009,NHS ENGLAND MIDLANDS ,MARKET HARBOROUGH MED.CTR,0
MSitAE-APRIL-2024,NNF09,NHS ENGLAND NORTH EAST AND YORKSHIRE ,BRANSHOLME HEALTH CENTRE,0
MSitAE-APRIL-2024,NNF94,NHS ENGLAND NORTH EAST AND YORKSHIRE ,EAST RIDING COMMUNITY HOSPITAL,0
MSitAE-APRIL-2024,NNFA7,NHS ENGLAND NORTH EAST AND YORKSHIRE ,GOOLE & DISTRICT HOSPITAL,0
MSitAE-APRIL-2024,R1F,NHS ENGLAND SOUTH EAST ,ISLE OF WIGHT NHS TRUST,4088
MSitAE-APRIL-2024,R1K,NHS ENGLAND LONDON,LONDON NORTH WEST UNIVERSITY HEALTHCARE NHS TRUST,12755
MSitAE-APRIL-2024,RAP,NHS ENGLAND LONDON,NORTH MIDDLESEX UNIVERSITY HOSPITAL NHS TRUST,7727
MSitAE-APRIL-2024,RBT,NHS ENGLAND NORTH WEST ,MID CHESHIRE HOSPITALS NHS FOUNDATION TRUST,6991
MSitAE-APRIL-2024,RC9,NHS ENGLAND EAST OF ENGLAND ,BEDFORDSHIRE HOSPITALS NHS FOUNDATION TRUST,15343
MSitAE-APRIL-2024,RDE,NHS ENGLAND EAST OF ENGLAND ,EAST SUFFOLK AND NORTH ESSEX NHS FOUNDATION TRUST,14264
MSitAE-APRIL-2024,RFS,NHS ENGLAND MIDLANDS ,CHESTERFIELD ROYAL HOSPITAL NHS FOUNDATION TRUST,6813
MSitAE-APRIL-2024,RHM,NHS ENGLAND SOUTH EAST ,UNIVERSITY HOSPITAL SOUTHAMPTON NHS FOUNDATION TRUST,11282
MSitAE-APRIL-2024,RJ1,NHS ENGLAND LONDON,GUY'S AND ST THOMAS' NHS FOUNDATION TRUST,10365
MSitAE-APRIL-2024,RJ6,NHS ENGLAND LONDON,CROYDON HEALTH SERVICES NHS TRUST,12926
MSitAE-APRIL-2024,RJ7,NHS ENGLAND LONDON,ST GEORGE'S UNIVERSITY HOSPITALS NHS FOUNDATION TRUST,8344
MSitAE-APRIL-2024,RJC,NHS ENGLAND MIDLANDS ,SOUTH WARWICKSHIRE UNIVERSITY NHS FOUNDATION TRUST,8132
MSitAE-APRIL-2024,RK9,NHS ENGLAND SOUTH WEST ,UNIVERSITY HOSPITALS PLYMOUTH NHS TRUST,8342
MSitAE-APRIL-2024,RKB,NHS ENGLAND MIDLANDS ,UNIVERSITY HOSPITALS COVENTRY AND WARWICKSHIRE NHS TRUST,11311
MSitAE-APRIL-2024,RLT,NHS ENGLAND MIDLANDS ,GEORGE ELIOT HOSPITAL NHS TRUST,6653
MSitAE-APRIL-2024,RM1,NHS ENGLAND EAST OF ENGLAND ,NORFOLK AND NORWICH UNIVERSITY HOSPITALS NHS FOUNDATION TRUST,11148
MSitAE-APRIL-2024,RMP,NHS ENGLAND NORTH WEST ,TAMESIDE AND GLOSSOP INTEGRATED CARE NHS FOUNDATION TRUST,7768
MSitAE-APRIL-2024,RNZ,NHS ENGLAND SOUTH WEST ,SALISBURY NHS FOUNDATION TRUST,4179
MSitAE-APRIL-2024,RP5,NHS ENGLAND NORTH EAST AND YORKSHIRE ,DONCASTER AND BASSETLAW TEACHING HOSPITALS NHS FOUNDATION TRUST,12754
MSitAE-APRIL-2024,RPA,NHS ENGLAND SOUTH EAST ,MEDWAY NHS FOUNDATION TRUST,8540
MSitAE-APRIL-2024,RQM,NHS ENGLAND LONDON,CHELSEA AND WESTMINSTER HOSPITAL NHS FOUNDATION TRUST,18886
MSitAE-APRIL-2024,RQW,NHS ENGLAND EAST OF ENGLAND ,THE PRINCESS ALEXANDRA HOSPITAL NHS TRUST,7323
MSitAE-APRIL-2024,RR8,NHS ENGLAND NORTH EAST AND YORKSHIRE ,LEEDS TEACHING HOSPITALS NHS TRUST,16864
MSitAE-APRIL-2024,RRF,NHS ENGLAND NORTH WEST ,"WRIGHTINGTON, WIGAN AND LEIGH NHS FOUNDATION TRUST",7150
MSitAE-APRIL-2024,RTE,NHS ENGLAND SOUTH WEST ,GLOUCESTERSHIRE HOSPITALS NHS FOUNDATION TRUST,12328
MSitAE-APRIL-2024,RTF,NHS ENGLAND NORTH EAST AND YORKSHIRE ,NORTHUMBRIA HEALTHCARE NHS FOUNDATION TRUST,9458
MSitAE-APRIL-2024,RTR,NHS ENGLAND NORTH EAST AND YORKSHIRE ,SOUTH TEES HOSPITALS NHS FOUNDATION TRUST,7825
MSitAE-APRIL-2024,RVR,NHS ENGLAND LONDON,EPSOM AND ST HELIER UNIVERSITY HOSPITALS NHS TRUST,10936
MSitAE-APRIL-2024,RVV,NHS ENGLAND SOUTH EAST ,EAST KENT HOSPITALS UNIVERSITY NHS FOUNDATION TRUST,12256
MSitAE-APRIL-2024,RWD,NHS ENGLAND MIDLANDS ,UNITED LINCOLNSHIRE HOSPITALS NHS TRUST,9608
MSitAE-APRIL-2024,RWH,NHS ENGLAND EAST OF ENGLAND ,EAST AND NORTH HERTFORDSHIRE NHS TRUST,8880
MSitAE-APRIL-2024,RWJ,NHS ENGLAND NORTH WEST ,STOCKPORT NHS FOUNDATION TRUST,7129
MSitAE-APRIL-2024,RWW,NHS ENGLAND NORTH WEST ,WARRINGTON AND HALTON TEACHING HOSPITALS NHS FOUNDATION TRUST,6727
MSitAE-APRIL-2024,RXF,NHS ENGLAND NORTH EAST AND YORKSHIRE ,MID YORKSHIRE TEACHING NHS TRUST,17513
MSitAE-APRIL-2024,RXP,NHS ENGLAND NORTH EAST AND YORKSHIRE ,COUNTY DURHAM AND DARLINGTON NHS FOUNDATION TRUST,12647
MSitAE-APRIL-2024,RYG,NHS ENGLAND MIDLANDS ,COVENTRY AND WARWICKSHIRE PARTNERSHIP NHS TRUST,0
MSitAE-APRIL-2024,RYJ,NHS ENGLAND LONDON,IMPERIAL COLLEGE HEALTHCARE NHS TRUST,11395
MSitAE-APRIL-2024,ARN03,NHS ENGLAND NORTH EAST AND YORKSHIRE ,LOCAL CARE DIRECT,0
MSitAE-APRIL-2024,RD1,NHS ENGLAND SOUTH WEST ,ROYAL UNITED HOSPITALS BATH NHS FOUNDATION TRUST,8258
MSitAE-APRIL-2024,RDR,NHS ENGLAND SOUTH EAST ,SUSSEX COMMUNITY NHS FOUNDATION TRUST,0
MSitAE-APRIL-2024,RF4,NHS ENGLAND LONDON,"BARKING, HAVERING AND REDBRIDGE UNIVERSITY HOSPITALS NHS TRUST",12585
MSitAE-APRIL-2024,RHQ,NHS ENGLAND NORTH EAST AND YORKSHIRE ,SHEFFIELD TEACHING HOSPITALS NHS FOUNDATION TRUST,8906
MSitAE-APRIL-2024,RJ2,NHS ENGLAND LONDON,LEWISHAM AND GREENWICH NHS TRUST,13071
MSitAE-APRIL-2024,RKE,NHS ENGLAND LONDON,WHITTINGTON HEALTH NHS TRUST,8958
MSitAE-APRIL-2024,RN7,NHS ENGLAND SOUTH EAST ,DARTFORD AND GRAVESHAM NHS TRUST,10890
MSitAE-APRIL-2024,RTX,NHS ENGLAND NORTH WEST ,UNIVERSITY HOSPITALS OF MORECAMBE BAY NHS FOUNDATION TRUST,8617
MSitAE-APRIL-2024,RWX,NHS ENGLAND SOUTH EAST ,BERKSHIRE HEALTHCARE NHS FOUNDATION TRUST,0
MSitAE-APRIL-2024,RBN,NHS ENGLAND NORTH WEST ,MERSEY AND WEST LANCASHIRE TEACHING HOSPITALS NHS TRUST,16959
MSitAE-APRIL-2024,RH5,NHS ENGLAND SOUTH WEST ,SOMERSET NHS FOUNDATION TRUST,12901
MSitAE-APRIL-2024,RET,NHS ENGLAND NORTH WEST ,THE WALTON CENTRE NHS FOUNDATION TRUST,0
MSitAE-APRIL-2024,RL1,NHS ENGLAND MIDLANDS ,THE ROBERT JONES AND AGNES HUNT ORTHOPAEDIC HOSPITAL NHS FOUNDATION TRUST,0
MSitAE-APRIL-2024,RMC,NHS ENGLAND NORTH WEST ,BOLTON NHS FOUNDATION TRUST,7570
MSitAE-APRIL-2024,RN3,NHS ENGLAND SOUTH WEST ,GREAT WESTERN HOSPITALS NHS FOUNDATION TRUST,5212
MSitAE-APRIL-2024,RTD,NHS ENGLAND NORTH EAST AND YORKSHIRE ,THE NEWCASTLE UPON TYNE HOSPITALS NHS FOUNDATION TRUST,11690
MSitAE-APRIL-2024,R0A,NHS ENGLAND NORTH WEST ,MANCHESTER UNIVERSITY NHS FOUNDATION TRUST,23565
MSitAE-APRIL-2024,RAS,NHS ENGLAND LONDON,THE HILLINGDON HOSPITALS NHS FOUNDATION TRUST,5629
MSitAE-APRIL-2024,RBL,NHS ENGLAND NORTH WEST ,WIRRAL UNIVERSITY TEACHING HOSPITAL NHS FOUNDATION TRUST,7595
MSitAE-APRIL-2024,RCD,NHS ENGLAND NORTH EAST AND YORKSHIRE ,HARROGATE AND DISTRICT NHS FOUNDATION TRUST,4751
MSitAE-APRIL-2024,RCX,NHS ENGLAND EAST OF ENGLAND ,"THE QUEEN ELIZABETH HOSPITAL, KING'S LYNN, NHS FOUNDATION TRUST",6228
MSitAE-APRIL-2024,RH8,NHS ENGLAND SOUTH WEST ,ROYAL DEVON UNIVERSITY HEALTHCARE NHS FOUNDATION TRUST,11828
MSitAE-APRIL-2024,RHW,NHS ENGLAND SOUTH EAST ,ROYAL BERKSHIRE NHS FOUNDATION TRUST,11556
MSitAE-APRIL-2024,RJL,NHS ENGLAND NORTH EAST AND YORKSHIRE ,NORTHERN LINCOLNSHIRE AND GOOLE NHS FOUNDATION TRUST,15035
MSitAE-APRIL-2024,RQ3,NHS ENGLAND MIDLANDS ,BIRMINGHAM WOMEN'S AND CHILDREN'S NHS FOUNDATION TRUST,5028
MSitAE-APRIL-2024,C83023,NHS ENGLAND MIDLANDS ,SLEAFORD MEDICAL GROUP,0
MSitAE-APRIL-2024,NNJ14,NHS ENGLAND MIDLANDS ,OADBY,0
MSitAE-APRIL-2024,RGR,NHS ENGLAND EAST OF ENGLAND ,WEST SUFFOLK NHS FOUNDATION TRUST,7275
MSitAE-APRIL-2024,RM3,NHS ENGLAND NORTH WEST ,NORTHERN CARE ALLIANCE NHS FOUNDATION TRUST,24552
MSitAE-APRIL-2024,RHU,NHS ENGLAND SOUTH EAST ,PORTSMOUTH HOSPITALS UNIVERSITY NATIONAL HEALTH SERVICE TRUST,9965
MSitAE-APRIL-2024,NLX,NHS ENGLAND SOUTH WEST ,SIRONA CARE & HEALTH,0
MSitAE-APRIL-2024,RTH,NHS ENGLAND SOUTH EAST ,OXFORD UNIVERSITY HOSPITALS NHS FOUNDATION TRUST,11325
Total ,Total ,Total ,Total ,1341059
