,
,
,
,
,
,
,
,
,
,
,
,
,
,
,
Name,Breach_Rate
United Lincolnshire Hospitals NHS Trust,64%
University Hospitals Plymouth NHS Trust,60%
North Middlesex University Hospital NHS Trust,60%
The Shrewsbury And Telford Hospital NHS Trust,58%
Hull University Teaching Hospitals NHS Trust,57%
York And Scarborough Teaching Hospitals NHS Foundation Trust,57%
East And North Hertfordshire NHS Trust,55%
Mid Cheshire Hospitals NHS Foundation Trust,55%
Lewisham And Greenwich NHS Trust,55%
Bolton NHS Foundation Trust,53%
East Kent Hospitals University NHS Foundation Trust,53%
Cambridge University Hospitals NHS Foundation Trust,52%
Royal Cornwall Hospitals NHS Trust,52%
Wirral University Teaching Hospital NHS Foundation Trust,51%
Worcestershire Acute Hospitals NHS Trust,51%
Countess Of Chester Hospital NHS Foundation Trust,51%
South Tees Hospitals NHS Foundation Trust,50%
"Wrightington, Wigan And Leigh NHS Foundation Trust",50%
Portsmouth Hospitals University National Health Service Trust,49%
University Hospitals Of North Midlands NHS Trust,49%
Sheffield Teaching Hospitals NHS Foundation Trust,49%
Barts Health NHS Trust,49%
Torbay And South Devon NHS Foundation Trust,49%
The Princess Alexandra Hospital NHS Trust,49%
Warrington And Halton Teaching Hospitals NHS Foundation Trust,48%
London North West University Healthcare NHS Trust,48%
Nottingham University Hospitals NHS Trust,48%
Kingston Hospital NHS Foundation Trust,48%
East Cheshire NHS Trust,48%
University Hospitals Coventry And Warwickshire NHS Trust,47%
Manchester University NHS Foundation Trust,46%
Gateshead Health NHS Foundation Trust,46%
King's College Hospital NHS Foundation Trust,46%
South Tyneside And Sunderland NHS Foundation Trust,46%
Tameside And Glossop Integrated Care NHS Foundation Trust,46%
Sandwell And West Birmingham Hospitals NHS Trust,46%
Liverpool University Hospitals NHS Foundation Trust,45%
The Hillingdon Hospitals NHS Foundation Trust,45%
University Hospitals Sussex NHS Foundation Trust,45%
North West Anglia NHS Foundation Trust,44%
"Barking, Havering And Redbridge University Hospitals NHS Trust",44%
Blackpool Teaching Hospitals NHS Foundation Trust,44%
Great Western Hospitals NHS Foundation Trust,44%
Imperial College Healthcare NHS Trust,44%
Isle Of Wight NHS Trust,44%
Chesterfield Royal Hospital NHS Foundation Trust,43%
The Newcastle Upon Tyne Hospitals NHS Foundation Trust,43%
Mersey And West Lancashire Teaching Hospitals NHS Trust,43%
County Durham And Darlington NHS Foundation Trust,43%
North Cumbria Integrated Care NHS Foundation Trust,42%
University Hospitals Birmingham NHS Foundation Trust,42%
Stockport NHS Foundation Trust,42%
Milton Keynes University Hospital NHS Foundation Trust,42%
Northern Care Alliance NHS Foundation Trust,42%
University Hospitals Of Leicester NHS Trust,41%
University Hospitals Dorset NHS Foundation Trust,41%
Gloucestershire Hospitals NHS Foundation Trust,41%
Royal Free London NHS Foundation Trust,41%
Frimley Health NHS Foundation Trust,41%
Salisbury NHS Foundation Trust,40%
Guy's And St Thomas' NHS Foundation Trust,40%
Royal United Hospitals Bath NHS Foundation Trust,40%
University Hospitals Of Derby And Burton NHS Foundation Trust,40%
Mid Yorkshire Teaching NHS Trust,40%
Bedfordshire Hospitals NHS Foundation Trust,40%
Lancashire Teaching Hospitals NHS Foundation Trust,39%
East Suffolk And North Essex NHS Foundation Trust,39%
Leeds Teaching Hospitals NHS Trust,39%
North Tees And Hartlepool NHS Foundation Trust,39%
Hampshire Hospitals NHS Foundation Trust,39%
West Hertfordshire Teaching Hospitals NHS Trust,39%
Wye Valley NHS Trust,38%
James Paget University Hospitals NHS Foundation Trust,38%
Buckinghamshire Healthcare NHS Trust,38%
Somerset NHS Foundation Trust,37%
West Suffolk NHS Foundation Trust,37%
Royal Berkshire NHS Foundation Trust,36%
North Bristol NHS Trust,36%
Sherwood Forest Hospitals NHS Foundation Trust,36%
University Hospitals Bristol And Weston NHS Foundation Trust,36%
Kettering General Hospital NHS Foundation Trust,35%
Dorset County Hospital NHS Foundation Trust,34%
University Hospital Southampton NHS Foundation Trust,34%
"The Queen Elizabeth Hospital, King's Lynn, NHS Foundation Trust",34%
Oxford University Hospitals NHS Foundation Trust,34%
Walsall Healthcare NHS Trust,34%
The Rotherham NHS Foundation Trust,33%
University College London Hospitals NHS Foundation Trust,33%
East Lancashire Hospitals NHS Trust,33%
Ashford And St Peter's Hospitals NHS Foundation Trust,33%
Northumbria Healthcare NHS Foundation Trust,32%
Royal Devon University Healthcare NHS Foundation Trust,32%
Croydon Health Services NHS Trust,32%
Doncaster And Bassetlaw Teaching Hospitals NHS Foundation Trust,32%
Harrogate And District NHS Foundation Trust,32%
Surrey And Sussex Healthcare NHS Trust,32%
George Eliot Hospital NHS Trust,32%
Airedale NHS Foundation Trust,31%
Northampton General Hospital NHS Trust,31%
Dartford And Gravesham NHS Trust,31%
Medway NHS Foundation Trust,30%
Barnsley Hospital NHS Foundation Trust,30%
University Hospitals Of Morecambe Bay NHS Foundation Trust,30%
Norfolk And Norwich University Hospitals NHS Foundation Trust,30%
East Sussex Healthcare NHS Trust,30%
Royal Surrey County Hospital NHS Foundation Trust,30%
The Dudley Group NHS Foundation Trust,29%
Calderdale And Huddersfield NHS Foundation Trust,29%
The Royal Wolverhampton NHS Trust,28%
Whittington Health NHS Trust,28%
Mid And South Essex NHS Foundation Trust,27%
St George's University Hospitals NHS Foundation Trust,27%
Epsom And St Helier University Hospitals NHS Trust,27%
South Warwickshire University NHS Foundation Trust,26%
Northern Lincolnshire And Goole NHS Foundation Trust,26%
Bradford Teaching Hospitals NHS Foundation Trust,23%
Chelsea And Westminster Hospital NHS Foundation Trust,23%
Maidstone And Tunbridge Wells NHS Trust,17%
Birmingham Women's And Children's NHS Foundation Trust,17%
Homerton Healthcare NHS Foundation Trust,17%
Alder Hey Children's NHS Foundation Trust,13%
Sheffield Children's NHS Foundation Trust,12%
Hertfordshire Community NHS Trust,0%
Herts Urgent Care (Ascots Lane),0%
Putnoe Walk In Centre,0%
Barking Hospital Utc,0%
Beckenham Beacon Ucc,0%
Central London Community Healthcare NHS Trust,0%
Harold Wood Polyclinic Utc,0%
Moorfields Eye Hospital NHS Foundation Trust,0%
Royal National Orthopaedic Hospital NHS Trust,0%
The Pinn Unregistered Wic,0%
Urgent Care Centre (Qms),0%
Assura Vertis Urgent Care Centres (Birmingham),0%
Badger Ltd,0%
Coventry And Warwickshire Partnership NHS Trust,0%
Derbyshire Community Health Services NHS Foundation Trust,0%
Dhu Health Care C.I.C,0%
Erdington GP Health & Wellbeing Wic,0%
Latham House Medical Practice,0%
Lincolnshire Community Health Services NHS Trust,0%
Llr Ea - The Merlyn Vaz Health & Social Care Centre,0%
Loughborough Urgent Care Centre,0%
Market Harborough,0%
Market Harborough Med.Ctr,0%
Melton Mowbray,0%
Nottingham Citycare Partnership,0%
Oadby,0%
Oakham,0%
Shropshire Community Health NHS Trust,0%
Sleaford Medical Group,0%
South Birmingham GP Walk In Centre,0%
Summerfield Urgent Care Centre,0%
The Robert Jones And Agnes Hunt Orthopaedic Hospital NHS Foundation Trust,0%
Bransholme Health Centre,0%
East Riding Community Hospital,0%
Goole & District Hospital,0%
Humber Teaching NHS Foundation Trust,0%
Local Care Direct,0%
South West Yorkshire Partnership NHS Foundation Trust,0%
Workington Health Limited,0%
Bridgewater Community Healthcare NHS Foundation Trust,0%
Liverpool Heart And Chest Hospital NHS Foundation Trust,0%
Liverpool Women's NHS Foundation Trust,0%
Mersey Care NHS Foundation Trust,0%
Miriam Minor Emergency,0%
Rossendale Miu & Ooh,0%
Skelmersdale Walk In Centre,0%
The Christie NHS Foundation Trust,0%
The Walton Centre NHS Foundation Trust,0%
Wirral Community Health And Care NHS Foundation Trust,0%
Ashford Walk-In-Centre,0%
Berkshire Healthcare NHS Foundation Trust,0%
Brighton Station Health Centre,0%
East Berks Primary Care Ooh(Wam),0%
First Community Health And Care Cic,0%
Kent Community Health NHS Foundation Trust,0%
Oxford Health NHS Foundation Trust,0%
Phl Lymington Utc,0%
Practice Plus Group Hospital - Southampton,0%
Practice Plus Group Surgical Centre - St Marys Portsmouth,0%
Queen Victoria Hospital NHS Foundation Trust,0%
Reading Urgent Care Centre,0%
Southern Health NHS Foundation Trust,0%
Station Plaza Health Centre,0%
Sussex Community NHS Foundation Trust,0%
Whitstable Medical Practice,0%
Woking Walk In Centre,0%
Cornwall Partnership NHS Foundation Trust,0%
Dorset Healthcare University NHS Foundation Trust,0%
Gloucestershire Health And Care NHS Foundation Trust,0%
Okehampton Medical Centre,0%
Paulton Memorial Hospital,0%
Sirona Care & Health,0%
South Western Ambulance Service NHS Foundation Trust,0%
Tetbury Hospital Trust Ltd,0%
Wiltshire Health & Care,0%
England,
,
,
,
,
,
,
,
,
,
,
,
,
,
,
,
,
,
,
,
,
,
,
,
,
,
,
,
,
,
,
,
,
,
,
,
,
,
,
,
,
,
,
,
,
,
,
